query	matches	length	expected_matches
AATAGCTAACA	12	11	3.1912755966186523
GCCTGGGTGACAGAGTGAGACCCTGTCTC	8	29	4.643910950230534e-11
ACCAAACTATAGAAT	1	15	0.012465916574001312
CTCTTAATATTTATGAAGAAGAACATGGT	1	29	4.643910950230534e-11
